{
  "lista": [
    {
      "produto": "Bolo de Fubá",
      "quantidade": "3 ovos 200ml óleo 250ml leite integral 200 gramas açúcar refinado/ 1 xícara 200 gramas farinha de trigo/ 1 xícara 150 gramas fubá 1 colher (sopa) fermento",
      "receita": "Primeiramente, no liquidificador adicione os ovos, açúcar, óleo, leite e o fubá, e bata por aproximadamente uns 4 minutos. Em seguida adicione a farinha e o fermento em pó, e bata tudo até que fique uma massa homogênea. Por fim, despeje em uma forma já untada e enfarinhada e leve ao forno. Leve para assar no forno pré-aquecido 180 graus, leva de 40-45 minutos para assar.",
      "imagem": "https://p7m4z9n9.stackpathcdn.com/wp-content/uploads/2020/01/bolocaseiro-fuba-768x660.jpg",
      "id": 3
    }
  ]
}